name,address,date,time,website,maps_url,maps_url_check
Joe's No Limits Bar & Grill,"124 W Commonwealth Ave, Fullerton, CA 92832",May 16,5:00 PM,http://joesnolimits.com/index.php,"https://www.google.com/maps/place/Joe's+Tavern/@33.8744883,-117.917109,16z/data=!4m5!3m4!1s0x0:0x4be18ca1c32bb419!8m2!3d33.8700521!4d-117.9254775",good
Matty G's Steakburgers & Spirits,"25401 Madison Ave, Murrieta, CA 92562",May 18,5:00 PM,https://www.facebook.com/mattygsmurrieta/,"https://www.google.com/maps/place/Matty+G's+Steakburgers+%26+Spirit's/@33.5512849,-117.1964584,17z/data=!3m1!4b1!4m5!3m4!1s0x80dc82179f7afadb:0xb12c72e8df5d93d!8m2!3d33.5512849!4d-117.1942697",good
New Line Tavern,"201 N Clinton St, Chicago, IL 60661",May 18,5:00 PM,http://newlinetavern.com/,"https://www.google.com/maps/place/New+Line+Tavern/@41.8859506,-87.6433346,17z/data=!3m1!4b1!4m5!3m4!1s0x880e2cc883ffe14b:0x9d67ba156634a112!8m2!3d41.8859506!4d-87.6411406",good
Kanela,"5413 N Clark St, Chicago, IL 60640",May 18,1:00 PM,http://www.kanelabreakfastclub.com/,"https://www.google.com/maps/place/Kanela+Breakfast+Club/@41.9802946,-87.6702071,17z/data=!3m1!4b1!4m5!3m4!1s0x880fd188aab1cf39:0xf8f2a78bb389b137!8m2!3d41.9802946!4d-87.6680184",good
Luke's on Front,"28693 Old Front St, Temecula, CA 92590",May 19,5:30 PM,http://lukesonfront.com/,"https://www.google.com/maps/place/Luke's+on+Front/@33.4925814,-117.1479303,15z/data=!4m12!1m6!3m5!1s0x0:0x49ae553c1f403600!2sLuke's+on+Front!8m2!3d33.4925814!4d-117.1479303!3m4!1s0x0:0x49ae553c1f403600!8m2!3d33.4925814!4d-117.1479303",good
Bulla Gastrobar,"2500 Ponce De Leon Blvd, Coral Gables, FL 33134",May 19,6:30-9:30 PM,http://bullagastrobar.com/,"https://www.google.com/maps/place/Bulla+Gastrobar/@25.7485168,-80.261077,17z/data=!4m12!1m6!3m5!1s0x88d9b7974121a7a7:0x431f85ca271c1c24!2sBulla+Gastrobar!8m2!3d25.748512!4d-80.258883!3m4!1s0x88d9b7974121a7a7:0x431f85ca271c1c24!8m2!3d25.748512!4d-80.258883",good
Smith & Wollensky,"1 Washington Ave, Miami Beach, FL 33139",May 19,6-9 PM,http://www.smithandwollensky.com/our-restaurants/miami-beach/,"https://www.google.com/maps/place/Smith+%26+Wollensky/@25.7658745,-80.1362888,17z/data=!4m12!1m6!3m5!1s0x88d9b4f11bab8e13:0x95fd8bc7190c6e81!2sSmith+%26+Wollensky!8m2!3d25.7658697!4d-80.1340948!3m4!1s0x88d9b4f11bab8e13:0x95fd8bc7190c6e81!8m2!3d25.7658697!4d-80.1340948",good
Club Lucky,"1824 W Wabansia Ave, Chicago, IL 60622",May 19,4:00 PM,https://clubluckychicago.com,"https://www.google.com/maps/place/Club+Lucky/@41.9124747,-87.6759152,17z/data=!3m1!4b1!4m5!3m4!1s0x880fd2c168d7bb6d:0x696d5bc5207a4be5!8m2!3d41.9124707!4d-87.6737265",good
Connor's Pub,"6331 Ferguson St, Indianapolis, IN 46220",May 19,10:00 PM,http://connors-pub.com/,"https://www.google.com/maps/place/Connor's/@39.8715869,-86.1436045,15z/data=!4m12!1m6!3m5!1s0x0:0xa4839e897bdbaf33!2sConnor's!8m2!3d39.8715869!4d-86.1436045!3m4!1s0x0:0xa4839e897bdbaf33!8m2!3d39.8715869!4d-86.1436045",good
Woodland Bowl,"3421 E 96th St, Indianapolis, IN 46240",May 19,9:00 PM,http://www.royalpin.com/woodland/,"https://www.google.com/maps/place/Woodland+Bowling+Center/@39.9247951,-86.1084383,15z/data=!4m12!1m6!3m5!1s0x0:0x590ead547ce32577!2sWoodland+Bowling+Center!8m2!3d39.9247951!4d-86.1084383!3m4!1s0x0:0x590ead547ce32577!8m2!3d39.9247951!4d-86.1084383",good
Señor Frogs,"8747 International Dr #103, Orlando, FL 32819",May 19,9PM -12AM,http://senorfrogs.com/orlando,"https://www.google.com/maps/place/Se%C3%B1or+Frog's/@28.4364356,-81.478802,16z/data=!4m5!3m4!1s0x88e77e4d2491f645:0x3fee96ea0797b106!8m2!3d28.438181!4d-81.470927",good
The Attic Rooftop & Lounge,"251 W 48th St, New York, NY 10036",May 19,6-9 PM,http://www.theattic-nyc.com/,"https://www.google.com/maps/place/The+Attic+Rooftop+%26+Lounge/@40.761071,-73.9889077,17z/data=!3m1!4b1!4m5!3m4!1s0x89c2585683f296f3:0x2e4cf1c211c6755c!8m2!3d40.761071!4d-73.986719",good
Coach House,"7011 E Indian School Rd, Scottsdale, AZ 85251",May 19,8-10 PM,http://www.coachhousescottsdale.com/,"https://encrypted.google.com/maps/place/Coach+House+Entertainment/@33.4945094,-111.9321073,17z/data=!3m1!4b1!4m5!3m4!1s0x872b0b95a01c12f9:0x1df327337d9666ed!8m2!3d33.4945094!4d-111.9299186",good
Jimmy's Grand Cafe,"1001 Castle Hill Ave, Bronx, NY 10472",May 19,7:00 PM,http://www.jimmysgrandcafebronx.com/,"https://www.google.com/maps/place/Jimmy's+Grand+Cafe/@40.827712,-73.8525357,17z/data=!3m1!4b1!4m5!3m4!1s0x89c2f4db7b42872d:0xbe5ba921f6b27fea!8m2!3d40.827712!4d-73.850347",good
Santorini Greek Kitchen,"1417 Prospect St, Indianapolis, IN 46203",May 19,7:00 PM,http://santorini-greek-kitchen.com/,"https://www.google.com/maps/place/Santorini+Greek+Kitchen/@39.7521494,-86.135087,15z/data=!4m12!1m6!3m5!1s0x0:0xac730e9e4cd7fc8b!2sSantorini+Greek+Kitchen!8m2!3d39.7521494!4d-86.135087!3m4!1s0x0:0xac730e9e4cd7fc8b!8m2!3d39.7521494!4d-86.135087",good
Martini's Steak and Seafood,"1004 Calumet Avenue, Valparaiso, IN 46383",May 19,10:00 PM,http://martinisinvalpo.com/dinner-menu/,"https://www.google.com/maps/place/Martinis+Steak+%26+Seafood/@41.4772271,-87.055554,15z/data=!4m12!1m6!3m5!1s0x0:0xe334afc7313410e9!2sMartinis+Steak+%26+Seafood!8m2!3d41.4772271!4d-87.055554!3m4!1s0x0:0xe334afc7313410e9!8m2!3d41.4772271!4d-87.055554",good
Raging Bull,"155 S Power Rd, Mesa, AZ 85206",May 19,5-7 PM,http://www.ragingbullaz.com/,"https://encrypted.google.com/maps/place/155+S+Power+Rd,+Mesa,+AZ+85206/@33.4122752,-111.6860397,17z/data=!3m1!4b1!4m5!3m4!1s0x872bafe97e75bcd7:0x844f20c7e39556e!8m2!3d33.4122752!4d-111.683851",good
Cortland's Garage,"1645 W Cortland St, Chicago, IL 60622",May 19,6:00 PM,http://www.cortlandsgarage.com/main/HOME_2.html,"https://www.google.com/maps/place/Cortland's+Garage/@41.9159792,-87.671781,17z/data=!3m1!4b1!4m5!3m4!1s0x880fd2c29ddc71e7:0xac849a4e8f9b2446!8m2!3d41.9159752!4d-87.6695923",good
Red Dot,"6715 W North Ave, Wauwatosa, WI 53213",May 19,7-9 PM,http://www.reddotmke.com/,"https://www.google.com/maps/place/Red+Dot/@43.0606272,-87.9990399,17z/data=!3m1!4b1!4m5!3m4!1s0x88051b40a9453c37:0x44e52b6b64f87cb2!8m2!3d43.0606233!4d-87.9968512",good
Wild Boar,"1022 Mainstreet, Hopkins, MN 55343",May 19,5-7 PM,http://wildboarbarandgrill.com/,"https://www.google.com/maps/place/Wild+Boar+Bar+and+Grill/@44.9242867,-93.4138692,15z/data=!4m12!1m6!3m5!1s0x0:0xe41d9961854d998b!2sWild+Boar+Bar+and+Grill!8m2!3d44.9242867!4d-93.4138692!3m4!1s0x0:0xe41d9961854d998b!8m2!3d44.9242867!4d-93.4138692",good
Hi-Fi Kitchen and Cocktails,"4420 N Saddlebag Trail, Scottsdale, AZ 85251",May 19,10PM - 12AM,https://hifibars.com/,"https://encrypted.google.com/maps/place/Hi+Fi+Kitchen+%26+Cocktails/@33.5012109,-111.9224023,15z/data=!4m5!3m4!1s0x0:0xc37b76de2b855d5f!8m2!3d33.5012109!4d-111.9224023",good
Pier Restaurant & Tiki Bar,"1 Playland Pkwy, Rye, NY 10580",May 19,6-8 PM,http://www.pierrestaurantandtikibar.com/,"https://www.google.com/maps/place/Pier+Restaurant+%26+Tiki+Bar/@40.9640049,-73.6738574,15z/data=!4m12!1m6!3m5!1s0x0:0x880c0493cfb71683!2sPier+Restaurant+%26+Tiki+Bar!8m2!3d40.9640049!4d-73.6738574!3m4!1s0x0:0x880c0493cfb71683!8m2!3d40.9640049!4d-73.6738574",good
The Factory,"1612 Madison St, Brooklyn, NY 11385",May 19,5-7 PM,https://www.instagram.com/thefactorybk/,"https://www.google.com/maps/place/THE+FACTORY-BK+Bar+%26+Restaurant/@40.698884,-73.911514,17z/data=!3m1!4b1!4m5!3m4!1s0x89c25c23b58408d9:0x5faf41dfa8b110b1!8m2!3d40.69888!4d-73.90932",good
Delilah,"155 Rivington St, New York, NY 10002",May 19,7-10 PM,https://www.delilahnyc.com/,"https://www.google.com/maps/place/Delilah's/@40.719022,-73.987829,17z/data=!4m13!1m7!3m6!1s0x89c25981a8a71255:0xa95d42168a8a83d3!2s155+Rivington+St,+New+York,+NY+10002!3b1!8m2!3d40.719022!4d-73.985635!3m4!1s0x89c25981a6785c1b:0x6f7dae742249902c!8m2!3d40.7190721!4d-73.9856199",good
RJ's Pub,"705 County Road 6 E, Ste 111, Elkhart, IN 46514",May 19,TBA,http://www.barelkhart.com/,"https://www.google.com/maps/place/RJ's+Pub/@41.7234235,-85.9691945,14.97z/data=!4m12!1m6!3m5!1s0x0:0x7bc1c1f232e583d4!2sRJ's+Pub!8m2!3d41.7234809!4d-85.969175!3m4!1s0x0:0x7bc1c1f232e583d4!8m2!3d41.7234809!4d-85.969175",good
Boho House,"11 W Illinois St, Chicago, IL 60654",May 20,5:45 PM,http://www.bohochicago.com,"https://www.google.com/maps/place/Bohemian+House/@41.8906154,-87.6306895,17z/data=!3m1!4b1!4m5!3m4!1s0x880e2cadf8aa2af7:0x46d621cc9e1daf24!8m2!3d41.8906114!4d-87.6285008",good
Bourbon Butcher,"20700 Chippendale Ave, Farmington, MN 55024",May 20,5-7 PM,http://www.bourbonbutcher.com/,"https://www.google.com/maps/place/Bourbon+Butcher+Kitchen+%2B+Bar/@44.6474471,-93.1379958,17z/data=!3m1!4b1!4m5!3m4!1s0x87f64a8814e8f345:0xa9662c04ccfd52e8!8m2!3d44.6474471!4d-93.1358071",good
Bulla Gastrobar,"5335 NW 87th Ave C102, Doral, FL 33178",May 20,5-8 PM,http://bullagastrobar.com/,"https://www.google.com/maps/place/Bulla+Gastrobar/@25.8199278,-80.339477,17z/data=!4m12!1m6!3m5!1s0x88d9bbdb8cae2b99:0x50d559b3c06ce689!2sBulla+Gastrobar!8m2!3d25.819923!4d-80.337283!3m4!1s0x88d9bbdb8cae2b99:0x50d559b3c06ce689!8m2!3d25.819923!4d-80.337283",good
Vincent's Clam Bar,"179 Old Country Rd, Carle Place, NY 11514",May 20,5-7 PM,http://www.vincentsclambar.com/,"https://www.google.com/maps/place/Vincent's+Clam+Bar/@40.7442958,-73.6165644,17z/data=!3m1!4b1!4m5!3m4!1s0x89c287870a724783:0xc5909e6dc2ab33d2!8m2!3d40.7442958!4d-73.6143757",good
Mom's Place,"650 N Dearborn St, Chicago, IL 60654",May 20,7:00 PM,https://www.momsplacechicago.com,"https://www.google.com/maps/place/Mom's+Place+-+A+Chicago+Gathering+Spot/@41.8938703,-87.6321804,17z/data=!3m1!4b1!4m5!3m4!1s0x880e2cb2ebcb9035:0xc93a4ec95df26c64!8m2!3d41.8938663!4d-87.6299917",good
Fado Irish Pub,"100 W Grand Ave, Chicago, IL 60654",May 20,4:30 PM,http://fadoirishpub.com/chicago/,"https://www.google.com/maps/place/Fado+Irish+Pub+Chicago/@41.8917224,-87.6335177,17z/data=!3m1!4b1!4m5!3m4!1s0x880e2cb3b5d998fd:0x19ee60e9af746460!8m2!3d41.8917224!4d-87.631329",good
East Pacific,"2655 Richmond Avenue, Staten Island, NY 10314",May 20,5-7 PM,http://eastpacificsi.com/,"https://www.google.com/maps/place/East+Pacific+Restaurant+Inc/@40.5823555,-74.1673638,17z/data=!3m2!4b1!5s0x89c24b80b4892eab:0x7edf0a3a89896480!4m5!3m4!1s0x89c24b80b48928af:0xe370d82917be61c2!8m2!3d40.5823555!4d-74.1651751",good
Thalia,"828 8th Ave, New York, NY 10019",May 20,8-10 PM,http://restaurantthalianyc.com/,"https://www.google.com/maps/place/Thalia/@40.7620338,-73.9860573,15z/data=!4m5!3m4!1s0x0:0x8540152ebb00ab26!8m2!3d40.7620338!4d-73.9860573",good
The Ritz Bar & Lounge,"369 W 46th St, New York, NY 10036",May 20,7-10 PM,https://m.facebook.com/ritznewyork,"https://www.google.com/maps/place/Ritz+Bar+and+Lounge/@40.7609535,-73.9902074,15z/data=!4m12!1m6!3m5!1s0x0:0xa3e01a7b31ada1f3!2sRitz+Bar+and+Lounge!8m2!3d40.7609535!4d-73.9902074!3m4!1s0x0:0xa3e01a7b31ada1f3!8m2!3d40.7609535!4d-73.9902074",good
The Stumble Inn,"1454 2nd Ave, New York, NY 10021",May 20,6-9 PM,http://www.nycbestbar.com/stumble/,"https://www.google.com/maps/place/The+Stumble+Inn/@40.7711781,-73.9584839,17z/data=!4m12!1m6!3m5!1s0x89c258bf7f074967:0xe4312819e17a2aa3!2sThe+Stumble+Inn!8m2!3d40.7711781!4d-73.9562899!3m4!1s0x89c258bf7f074967:0xe4312819e17a2aa3!8m2!3d40.7711781!4d-73.9562899",good
Yard Line Bar & Grill,"6466 E 82nd St, Indianapolis, IN 46250",May 20,9:00 PM,https://www.facebook.com/Yardlinebarandgrill/?rf=1408960042669769,"https://www.google.com/maps/place/The+Yard+Line/@39.90648,-86.055785,15z/data=!4m12!1m6!3m5!1s0x0:0x6b396475a0f133d5!2sThe+Yard+Line!8m2!3d39.90648!4d-86.055785!3m4!1s0x0:0x6b396475a0f133d5!8m2!3d39.90648!4d-86.055785",good
The Arketekt,"1200 Brickell Bay Dr, Miami, FL 33131",May 20,6-7 PM,https://www.thearketekt.com/,"https://www.google.com/maps/place/The+Arketekt+by+Aficionados/@25.7617434,-80.1925793,17z/data=!4m12!1m6!3m5!1s0x88d9b68176407a4d:0x79f42706988d5dac!2sThe+Arketekt+by+Aficionados!8m2!3d25.7617386!4d-80.1903853!3m4!1s0x88d9b68176407a4d:0x79f42706988d5dac!8m2!3d25.7617386!4d-80.1903853",good
Matty G's Steakburgers & Spirits,"136 Commonwealth Ave, Fullerton, CA 92832",May 20,6:00 PM,https://www.facebook.com/mgsteakburgers/,"https://www.google.com/maps/place/Matty+G's+Steakburgers+%26+Spirit's/@33.8700813,-117.9280264,17z/data=!3m1!4b1!4m5!3m4!1s0x80dd2a081026603f:0x7f3f8f4fa520dae!8m2!3d33.8700813!4d-117.9258377",good
The Garage,"1709 N Arlington Pl, Milwaukee, WI 53202",May 20,9-11 PM,http://www.hihatlounge.com/,"https://www.google.com/maps/place/The+Garage/@43.1043996,-87.9903553,13z/data=!4m8!1m2!2m1!1sgarage+near+Milwaukee,+WI!3m4!1s0x8805191de68efcd7:0xca07384de616f176!8m2!3d43.0532032!4d-87.8950976",good
Wild Boar,"950 Helena Ave N, Oakdale, MN 55128",May 20,6-8 PM,http://wildboarbarandgrill.com/,"https://www.google.com/maps/place/Wild+Boar+Bar+and+Grill/@44.9612798,-92.9560113,15z/data=!4m5!3m4!1s0x0:0xd5449c5330caebdd!8m2!3d44.9612798!4d-92.9560113",good
Stella's Fish Cafe,"1400 W Lake St, Minneapolis, MN 55408",May 20,4-6 PM,http://www.stellasfishcafe.com/stellasfishcafe/,"https://www.google.com/maps/place/Stella's+Fish+Café+%26+Prestige+Oyster+Bar/@44.9485787,-93.299485,17z/data=!3m1!4b1!4m5!3m4!1s0x87f627819298059b:0xa53dc0e7429de44!8m2!3d44.9485787!4d-93.2972963",good
Coup d'Etat,"2923 Girard Ave S, Minneapolis, MN 55408",May 20,5-7 PM,http://coupdetatmpls.com/,"https://www.google.com/maps/place/coup+d%E2%80%99%C3%A9tat/@44.9490957,-93.2968558,15z/data=!4m5!3m4!1s0x0:0x57da316f1eed41c0!8m2!3d44.9490957!4d-93.2968558",good
Rack & Helen's,"525 Broadway St, New Haven, IN 46774",May 20,11:00 PM,https://www.rackandhelens.com/,"https://www.google.com/maps/place/Rack+%26+Helen's+Bar+and+Grill/@41.0723868,-85.0190796,17z/data=!4m12!1m6!3m5!1s0x8815f967678f6dfb:0x462a6d2fb08a2bb!2sRack+%26+Helen's+Bar+and+Grill!8m2!3d41.0723828!4d-85.0168856!3m4!1s0x8815f967678f6dfb:0x462a6d2fb08a2bb!8m2!3d41.0723828!4d-85.0168856",good
Expo Bowl,"5261 Elmwood Ave, Indianapolis, IN 46203",May 20,8:00 PM,http://www.royalpin.com/expo,"https://www.google.com/maps/place/Expo+Bowling+Center/@39.7045026,-86.0776667,15z/data=!4m5!3m4!1s0x0:0x6d3ae7418a3ee403!8m2!3d39.7045026!4d-86.0776667",good
Reverb Lounge,"6121 Military Ave, Omaha, NE 68104",May 20,TBA,http://reverblounge.com/,"https://www.google.com/maps/place/Reverb+Lounge/@41.2853075,-96.0107992,17z/data=!4m12!1m6!3m5!1s0x87939275ec810a81:0x491b1a421403166f!2sReverb+Lounge!8m2!3d41.2853035!4d-96.0086052!3m4!1s0x87939275ec810a81:0x491b1a421403166f!8m2!3d41.2853035!4d-96.0086052",good
Sutherlands,"5353 W Irving Park Rd, Chicago, IL 60641",May 21,2:00 PM,http://www.sutherlandschicago.com/Home.html,"https://www.google.com/maps/place/Sutherlands/@41.9530068,-87.763898,17z/data=!3m1!4b1!4m5!3m4!1s0x880fcc6c07ac17bd:0xefc537dd7dd253dd!8m2!3d41.9530028!4d-87.7617093",good
Sports Grill,"1559 Sunset Dr, Miami, FL 33143",May 21,2-5 PM,http://www.sportsgrillmiami.com/,"https://www.google.com/maps/place/Sports+Grill+South+Miami/@25.7046911,-80.2867142,17z/data=!4m12!1m6!3m5!1s0x88d9c7e4d4a73531:0xf4089914772a06e!2sSports+Grill+South+Miami!8m2!3d25.7046863!4d-80.2845202!3m4!1s0x88d9c7e4d4a73531:0xf4089914772a06e!8m2!3d25.7046863!4d-80.2845202",good
Flagship Tavern & Grill,"1622 W Belmont Ave, Chicago, IL 60657",May 21,4:00 PM,http://www.flagshipchicago.com/_/HOME.html,"https://www.google.com/maps/place/Flagship+Tavern+%26+Grill/@41.9398843,-87.6718236,17z/data=!3m1!4b1!4m5!3m4!1s0x880fd2599156d8b7:0xe9d1e856733d0a65!8m2!3d41.9398843!4d-87.6696349",good
Leader Bar & Grill,"3000 W Irving Park Rd, Chicago, IL 60618",May 21,12:00 PM,http://www.leaderbar.com,"https://www.google.com/maps/place/Leader+Bar/@41.9541304,-87.7054877,17z/data=!3m1!4b1!4m5!3m4!1s0x880fcd8c8e61dc8f:0xf8bafb82d461b080!8m2!3d41.9541264!4d-87.703299",good
Park & Field,"3509 W Fullerton Ave, Chicago, IL 60647",May 21,6:00 PM,http://parkandfieldchicago.com/,"https://www.google.com/maps/place/Park+%26+Field/@41.9242503,-87.7164975,17z/data=!3m1!4b1!4m5!3m4!1s0x880fcd6c52d31c43:0x30f8866c2b438bfa!8m2!3d41.9242503!4d-87.7143088",good
Toro Toro,"100 Chopin Plaza, Miami, FL 33131",May 23,5-6 PM,http://www.torotoromiami.com/,"https://www.google.com/maps/place/Toro+Toro/@25.7725628,-80.1875281,17z/data=!3m1!4b1!4m5!3m4!1s0x88d9b42719b85397:0x96a725239223c72d!8m2!3d25.772558!4d-80.1853341",good
Frankey's Sports Bar,"900 Silks Run #1720, Hallandale Beach, FL 33009",May 23,7-8 PM,http://www.frankeysbar.com/,"https://www.google.com/maps/place/Frankey's+Sports+Bar/@25.9785399,-80.1428141,17z/data=!4m13!1m7!3m6!1s0x88d9ac87a8da6eaf:0x4c096e940ff800ac!2s900+Silks+Run,+Hallandale+Beach,+FL+33009!3b1!8m2!3d25.9785345!4d-80.1406192!3m4!1s0x88d9ac87ccc178e1:0xa82fbfddac41c422!8m2!3d25.976876!4d-80.140104",good
120 Bay Cafe,"120 Bay St, Staten Island, NY 10301",May 23,7-10 PM,http://120baycafe.com/,"https://www.google.com/maps/place/120+Bay+Cafe/@40.639453,-74.075789,15z/data=!4m5!3m4!1s0x0:0xfe1240896343f283!8m2!3d40.639453!4d-74.075789",good
Bar Nancy,"2007 SW 8th St, Miami, FL 33135",May 24,7-8 PM,https://www.facebook.com/barnancy305/,"https://www.google.com/maps/place/Bar+Nancy/@25.7656392,-80.2281878,15z/data=!4m12!1m6!3m5!1s0x0:0xbfed38a63a8af848!2sBar+Nancy!8m2!3d25.7656392!4d-80.2281878!3m4!1s0x0:0xbfed38a63a8af848!8m2!3d25.7656392!4d-80.2281878",good
Harlem's Floridita,"2276 12th Ave, New York, NY 10027",May 24,6-8 PM,https://www.facebook.com/HarlemsFloridita/,"https://www.google.com/maps/place/Harlem's+Floridita/@40.8179291,-73.9610382,15z/data=!4m5!3m4!1s0x0:0xccd44d07489ba2b7!8m2!3d40.8179291!4d-73.9610382",good
Astoria,"12949 Olive Arcade Plz, St. Louis, MO 63141",May 24,6:30 PM,https://www.facebook.com/Astoria-Restaurant-117153874969780/,"https://www.google.com/maps/place/Astoria+Kabob+House/@38.682871,-90.4775989,15z/data=!4m5!3m4!1s0x0:0xe1faf69b627d1301!8m2!3d38.682871!4d-90.4775989",good
The Starlite Room,"1001 Cocoanut Ave, Sarasota, FL 34236",May 25,9PM - 12AM,https://www.starlitesrq.com/,"https://www.google.com/maps/place/The+Starlite+Room/@27.345199,-82.5471441,17.01z/data=!4m5!3m4!1s0x88c3400bf0a89603:0x4abaa18310a38556!8m2!3d27.3451833!4d-82.5449472",good
Wood Tavern,"2531 NW 2nd Ave, Miami, FL 33127",May 25,5-6 PM,http://woodtavern.com/,"https://www.google.com/maps/place/Wood+Tavern/@25.8013147,-80.2011326,17z/data=!4m12!1m6!3m5!1s0x88d9b6b280ac0009:0x7dcb4432b65be322!2sWood+Tavern!8m2!3d25.8013099!4d-80.1989386!3m4!1s0x88d9b6b280ac0009:0x7dcb4432b65be322!8m2!3d25.8013099!4d-80.1989386",good
310 Park South,"310 S Park Ave, Winter Park, FL 32789",May 25,4-7 PM,http://310parksouth.net/,"https://www.google.com/maps/place/310+Park+South/@28.5955685,-81.3507648,15z/data=!4m5!3m4!1s0x0:0xda3426b703c101b5!8m2!3d28.5955685!4d-81.3507648",good
Blu on the Avenue,"326 S Park Ave, Winter Park, FL 32789",May 25,4-7 PM,http://bluontheavenue.com/,"https://www.google.com/maps/place/blu+on+the+avenue/@28.5955191,-81.3507929,15.01z/data=!4m12!1m6!3m5!1s0x0:0x908039a32f97af63!2sblu+on+the+avenue!8m2!3d28.5955024!4d-81.3508041!3m4!1s0x0:0x908039a32f97af63!8m2!3d28.5955024!4d-81.3508041",good
Beacker & Gray,"2637 N Miami Ave, Miami, FL 33127",May 25,6:30-7:30 PM,http://beakerandgray.com/,"https://www.google.com/maps/place/Beaker+%26+Gray/@25.8023477,-80.1970034,17z/data=!4m12!1m6!3m5!1s0x88d9b6ace99917d9:0x633a41bb84d8a952!2sBeaker+%26+Gray!8m2!3d25.8023429!4d-80.1948094!3m4!1s0x88d9b6ace99917d9:0x633a41bb84d8a952!8m2!3d25.8023429!4d-80.1948094",good
The Stubborn Mule,"100 S Eola Dr #103, Orlando, FL 32801",May 25,6-9 PM,https://www.thestubbornmuleorlando.com/,"https://www.google.com/maps/place/The+Stubborn+Mule/@28.5412095,-81.3701399,15z/data=!4m5!3m4!1s0x0:0x8bdad0888be3b41d!8m2!3d28.5412095!4d-81.3701399",good
Zest,"Southeast Financial Center, 200 S Biscayne Blvd, Miami, FL 33131",May 25,6-7 PM,https://zestmiami.com/,"https://www.google.com/maps/place/Zest+Miami/@25.772267,-80.1899997,17z/data=!4m12!1m6!3m5!1s0x88d9b69d8fc25c4b:0xa9503c15eb43e975!2sZest+Miami!8m2!3d25.7722622!4d-80.1878057!3m4!1s0x88d9b69d8fc25c4b:0xa9503c15eb43e975!8m2!3d25.7722622!4d-80.1878057",good
Adena Grill,"900 Silks Run #1740, Hallandale Beach, FL 33009",May 25,7-8 PM,http://www.adenagrill.com/,"https://www.google.com/maps/place/Adena+Grill/@25.9766089,-80.1425705,16.99z/data=!3m1!5s0x88d9ac87d3da474b:0xb22ccd0f402b8070!4m12!1m6!3m5!1s0x88d9ac87d1dd7af1:0xf157d983be7d271f!2sAdena+Grill!8m2!3d25.976608!4d-80.140394!3m4!1s0x88d9ac87d1dd7af1:0xf157d983be7d271f!8m2!3d25.976608!4d-80.140394",good
Spatz,"1025 W Fairbanks Ave, Winter Park, FL 32789",May 25,5-8 PM,http://spatzwp.com/index.htm,"https://www.google.com/maps/place/Spatz/@28.5904753,-81.3603658,16.95z/data=!4m12!1m6!3m5!1s0x0:0xf5f4cfd71ec28e05!2sSpatz!8m2!3d28.5934043!4d-81.3625401!3m4!1s0x0:0xf5f4cfd71ec28e05!8m2!3d28.5934043!4d-81.3625401",good
The Carousel,"522 E Jericho Turnpike, Huntington Station, NY 11746",May 25,5:00 PM,http://carousellongisland.com/,"https://www.google.com/maps/place/The+Carousel+Night+Club/@40.8320607,-73.3940226,17z/data=!4m12!1m6!3m5!1s0x89e828de7bf04dcf:0xdbd9cdf10ab6a5c7!2sThe+Carousel+Night+Club!8m2!3d40.8320607!4d-73.3918339!3m4!1s0x89e828de7bf04dcf:0xdbd9cdf10ab6a5c7!8m2!3d40.8320607!4d-73.3918339",good
The Living Room Wine Cafe & Lounge,"20751 N Pima Rd #120, Scottsdale, AZ 85255",May 25,5-7 PM,http://www.livingroomwinebar.com/,"https://encrypted.google.com/maps/place/The+Living+Room+Wine+Cafe+%26+Lounge/@33.6745292,-111.8902815,17z/data=!3m1!5s0x872b764391142791:0x3333a570e00471d0!4m13!1m7!3m6!1s0x872b7643ecc7960b:0xb07a5d286da28a5e!2s20751+N+Pima+Rd+%23120,+Scottsdale,+AZ+85255!3b1!8m2!3d33.6745292!4d-111.8880875!3m4!1s0x872b76438d2e710f:0x60a35ace8df90d9c!8m2!3d33.674758!4d-111.888038",good
RusTeak,"1568 Maguire Rd, Ocoee, FL 34761",May 25,6-9 PM,http://www.rusteakwinebar.com/,"https://www.google.com/maps/place/RusTeak+Restaurant+%26+Wine+Bar/@28.5619128,-81.5355059,12z/data=!4m8!1m2!2m1!1srusteak!3m4!1s0x0:0xd55206b278b3e2f3!8m2!3d28.5484138!4d-81.5416646",good
RusTeak,"2625 Edgewater Dr, Orlando, FL 32804",May 25,6-9 PM,http://www.rusteakwinebar.com/,"https://www.google.com/maps/place/RusTeak/@28.5619128,-81.5355059,12z/data=!4m8!1m2!2m1!1srusteak!3m4!1s0x88e77a7ca11376f3:0x765a66e6d61cb963!8m2!3d28.5754471!4d-81.3892694",good
Sabatino's Trattoria,"111 W Main St, Norton, MA 02766",May 25,TBA,http://www.sabatinostrattoria.net/,"https://www.google.com/maps/place/Sabatino's+Trattoria/@41.9614939,-71.2021642,17z/data=!4m12!1m6!3m5!1s0x89e461d3cfc8a449:0xd76088b69d8ea98b!2sSabatino's+Trattoria!8m2!3d41.9614899!4d-71.1999702!3m4!1s0x89e461d3cfc8a449:0xd76088b69d8ea98b!8m2!3d41.9614899!4d-71.1999702",good
Original Draught House,"12411 W Center Rd, Omaha, NE 68144",May 25,TBA,http://www.originaldraughthouse.com/,"https://www.google.com/maps/place/The+Original+Draught+House/@41.2334737,-96.1102986,17z/data=!3m1!4b1!4m5!3m4!1s0x8793f307238596e9:0x975d559faeaea7f8!8m2!3d41.2334697!4d-96.1081046",good
New Moon Cafe,"524 Montauk Hwy, East Quogue, NY 11942",May 26,6-9 PM,https://www.newmooncafeeq.com/menu,"https://www.google.com/maps/place/New+Moon+Cafe/@40.8429485,-72.5816387,17z/data=!3m1!4b1!4m5!3m4!1s0x89e8f3b81ed05bef:0x75bb973ae155d7c4!8m2!3d40.8429485!4d-72.57945",good
Floyd,"34 NE 11th St, Miami, FL 33132",May 26,9-10 PM,https://www.floydmiami.com/,"https://www.google.com/maps/place/Floyd+Miami/@25.7845654,-80.1953235,17z/data=!4m12!1m6!3m5!1s0x88d9b6a3df9641d7:0x9495bd617cc4159b!2sFloyd+Miami!8m2!3d25.7845606!4d-80.1931295!3m4!1s0x88d9b6a3df9641d7:0x9495bd617cc4159b!8m2!3d25.7845606!4d-80.1931295",good
Bulla Gastrobar,"110 S Orlando Ave #7, Winter Park, FL 32789",May 26,5-8 PM,http://bullagastrobar.com/,"https://www.google.com/maps/place/Bulla+Gastrobar/@28.5973092,-81.3647733,15z/data=!4m12!1m6!3m5!1s0x0:0xa7d716a71c47a21f!2sBulla+Gastrobar!8m2!3d28.5973092!4d-81.3647733!3m4!1s0x0:0xa7d716a71c47a21f!8m2!3d28.5973092!4d-81.3647733",good
Pisco y Nazca,"8551 NW 53rd St, #A101, Doral, FL 33166",May 26,6-9 PM,http://piscoynazca.com/,"https://www.google.com/maps/place/Pisco+y+Nazca+Ceviche+Gastrobar/@25.8199628,-80.338399,17z/data=!4m12!1m6!3m5!1s0x88d9bbdbdb747d0d:0x36646937c3ac8a15!2sPisco+y+Nazca+Ceviche+Gastrobar!8m2!3d25.819958!4d-80.336205!3m4!1s0x88d9bbdbdb747d0d:0x36646937c3ac8a15!8m2!3d25.819958!4d-80.336205",good
The Anderson,"709 NE 79th St, Miami, FL 33138",May 26,6-7 PM,http://www.theandersonmiami.com/,"https://www.google.com/maps/place/The+Anderson/@25.8480994,-80.1844729,17z/data=!4m12!1m6!3m5!1s0x88d9b3d49c735329:0x112b760e949e2e9!2sThe+Anderson!8m2!3d25.8480743!4d-80.1822624!3m4!1s0x88d9b3d49c735329:0x112b760e949e2e9!8m2!3d25.8480743!4d-80.1822624",good
The Stone Soup Company,"1919 E 7th Ave, Tampa, FL 33605",May 26,7-10 PM,http://www.stonesoupco.com/,"https://www.google.com/maps/place/The+Stone+Soup+Company/@27.9600749,-82.4394171,17z/data=!4m12!1m6!3m5!1s0x88c2c45186cf15db:0x658e5e8f4e9492fd!2sThe+Stone+Soup+Company!8m2!3d27.9600749!4d-82.4372231!3m4!1s0x88c2c45186cf15db:0x658e5e8f4e9492fd!8m2!3d27.9600749!4d-82.4372231",good
BND Burger,"2519 NW 2nd Ave, Miami, FL 33127",May 26,8-9 PM,https://www.bndburger.com/,"https://www.google.com/maps/place/BND+Burger/@25.8011805,-80.2011667,17z/data=!4m13!1m7!3m6!1s0x88d9b6b27e9ea891:0x7d77c417055d89cd!2s2519+NW+2nd+Ave,+Miami,+FL+33127!3b1!8m2!3d25.8011757!4d-80.1989727!3m4!1s0x88d9b6b27e87804d:0xb4ee30c2d88d955d!8m2!3d25.801196!4d-80.19898",good
Office Bar SRQ,"1989 Ringling Blvd, Sarasota, FL 34236",May 26,9PM - 12AM,http://eviesonline.com/officebarsrq/,"https://www.google.com/maps/place/Office+Bar+SRQ/@27.335906,-82.5315584,15z/data=!4m5!3m4!1s0x0:0x715fa246d95f8ac2!8m2!3d27.335906!4d-82.5315584",good
LaGuardia Plaza Hotel,"104-04 Ditmars Blvd, East Elmhurst, NY 11369",May 26,6-8 PM,http://www.laguardiaplazahotel.com/,"https://www.google.com/maps/place/LaGuardia+Plaza+Hotel/@40.7670678,-73.8671363,15z/data=!4m5!3m4!1s0x0:0x966ff47d7080751b!8m2!3d40.7670678!4d-73.8671363",good
Evie's Tavern & Grill,"4725 Bee Ridge Rd, Sarasota, FL 34233",May 26,6-9 PM,http://eviesbeeridge.com/,"https://www.google.com/maps/place/Evie%E2%80%99s+Tavern+%26+Grill+on+Bee+Ridge/@27.2993704,-82.4764668,17z/data=!3m1!4b1!4m5!3m4!1s0x88c3472aa1e4bddf:0xe6e758b6db599613!8m2!3d27.2993704!4d-82.4742728",good
Bitter Truth,"3252 NE 1st Ave #124, Miami, FL 33137",May 26,9-10 PM,http://bittertruthmiami.com/,"https://www.google.com/maps/place/Bitter+Truth/@25.806908,-80.1959039,17z/data=!4m12!1m6!3m5!1s0x88d9b69edb873635:0xe35fc5643d3c2ae1!2sBitter+Truth!8m2!3d25.8069032!4d-80.1937099!3m4!1s0x88d9b69edb873635:0xe35fc5643d3c2ae1!8m2!3d25.8069032!4d-80.1937099",good
Setai,"2001 Collins Ave, Miami Beach, FL 33139",May 26,6-9 PM,http://www.thesetaihotel.com/culinary-experiences.php,"https://www.google.com/maps/place/The+Setai+Grill/@25.7959483,-80.1308151,17z/data=!4m12!1m6!3m5!1s0x88d9b49c54019bc5:0x877990e017f3dbb8!2sThe+Setai+Grill!8m2!3d25.7959435!4d-80.1286211!3m4!1s0x88d9b49c54019bc5:0x877990e017f3dbb8!8m2!3d25.7959435!4d-80.1286211",good
Z Two,"2925 Veterans Rd W, Staten Island, NY 10309",May 26,9-11 PM,http://www.ztwosi.com/,"https://www.google.com/maps/place/Z-Two+Restaurant+%26+Lounge+:+24+Hrs/@40.52701,-74.2388829,15z/data=!4m5!3m4!1s0x0:0x696cbe1839e489fd!8m2!3d40.527271!4d-74.230729",good
Pilars Martini Bar,"146 W Plant St #120, Winter Garden, FL 34787",May 26,8-11 PM,http://www.pilarsmartini.com/,"https://www.google.com/maps/place/Pilars+(Martini)/@28.565197,-81.587326,15z/data=!4m12!1m6!3m5!1s0x0:0x77ad811341b79fd9!2sPilars+(Martini)!8m2!3d28.565197!4d-81.587326!3m4!1s0x0:0x77ad811341b79fd9!8m2!3d28.565197!4d-81.587326",good
Tipsy Boar,"1906 Harrison St, Hollywood, FL 33020",May 26,6-9 PM,http://thetipsyboar.com/,"https://www.google.com/maps/place/The+Tipsy+Boar/@26.0103519,-80.1452572,15z/data=!4m5!3m4!1s0x0:0xcf231d1c2296f8e!8m2!3d26.0103519!4d-80.1452572",good
Plum Lounge,"780 N Jefferson St, Milwaukee, WI 53202",May 26,1:30PM - 12AM,http://plumlounge.com/,"https://www.google.com/maps/place/Plum+Lounge/@43.040739,-87.9053031,15z/data=!4m5!3m4!1s0x0:0x7ccfe42f880049d2!8m2!3d43.040739!4d-87.9053031",good
The Standing Room,"4738 Vernon Blvd, Long Island City, NY 11101",May 26,7-9 PM,http://www.standingroomlic.com/,"https://www.google.com/maps/place/The+Standing+Room/@40.7444649,-73.9538114,15z/data=!4m5!3m4!1s0x0:0x880c3f6ac4ff28c6!8m2!3d40.7444649!4d-73.9538114",good
Eclipse,"1201 S 157th St # 108, Omaha, NE 68130",May 26,TBA,https://www.facebook.com/Eclipse-431957620370/?rf=839155189486184,"https://www.google.com/maps/place/Eclipse+Tavern/@41.2473042,-96.1593683,15z/data=!4m12!1m6!3m5!1s0x0:0x3a42926d0fff21f8!2sEclipse+Tavern!8m2!3d41.2473042!4d-96.1593683!3m4!1s0x0:0x3a42926d0fff21f8!8m2!3d41.2473042!4d-96.1593683",good
Indian Wells Tavern,"177 Main St, Amagansett, NY 11930",May 27,6-9 PM,http://www.indianwellstavern.com/,"https://www.google.com/maps/place/Indian+Wells+Tavern/@40.9751148,-72.1440755,17z/data=!3m1!4b1!4m5!3m4!1s0x89e8baa75c2aec63:0xe3b1c024b18c4692!8m2!3d40.9751148!4d-72.1418868",good
Dugout 54,"5328 W Bluemound Rd, Milwaukee, WI 53208",May 27,12PM - 2 PM,https://dugout54.com/,"https://www.google.com/maps/place/Dugout+54/@43.0368699,-87.982904,17z/data=!3m1!4b1!4m5!3m4!1s0x88051afc92956b7f:0xc0a035c53fedae5!8m2!3d43.036866!4d-87.98071",good
Dalmatia Hotel,"1187 Tonawanda St, Tonawanda, NY 14207",May 27,6-8 PM,https://www.facebook.com/TheDalmatiaHotelitsnotahotel/,"https://www.google.com/maps/place/Dalmatia+Hotel/@42.9602429,-78.9118277,17z/data=!3m1!4b1!4m5!3m4!1s0x89d36cbedd3f0f25:0x7229d38ce1d38b13!8m2!3d42.960239!4d-78.909639",good
Fortuna's Restaurant,"827 19th St, Niagara Falls, NY 14301",May 27,6-8 PM,http://www.fortunas.biz/,"https://www.google.com/maps/place/Fortuna%E2%80%99s+Restaurant+%26+Banquets/@43.0978365,-79.0407827,17z/data=!3m1!4b1!4m5!3m4!1s0x89d342b91f7683c5:0xf12133646d1cbbe9!8m2!3d43.0978365!4d-79.0385887",good
Jake's Steakhouse,"6031 Broadway, Bronx, NY 10471",May 27,3-5 PM,http://www.jakessteakhouse.com/bronx,"https://www.google.com/maps/place/Jake’s+Steakhouse/@40.8917024,-73.8998772,17z/data=!3m1!4b1!4m5!3m4!1s0x89c2f3af9d7ddb31:0x5803cb113f5748f0!8m2!3d40.8917024!4d-73.8976885",good
Tasting Room,"7585 W Sand Lake Rd, Orlando, FL 32819",May 27,5-8 PM,https://www.tastingroomorlando.club/,"https://www.google.com/maps/place/Tasting+Room+Orlando/@28.4508189,-81.4865123,15z/data=!4m5!3m4!1s0x0:0x8231d33cabd5c11c!8m2!3d28.4508189!4d-81.4865123",good
Soliday's Bar & Grille,"3964 Lockport Rd, Niagara Falls, NY 14305",May 27,6-8 PM,https://www.facebook.com/solidaysbarandgrille/,"https://www.google.com/maps/place/Soliday's+Bar+%26+Grille/@43.116122,-79.025487,15z/data=!4m12!1m6!3m5!1s0x0:0xc29ed144cf26886a!2sSoliday's+Bar+%26+Grille!8m2!3d43.116122!4d-79.025487!3m4!1s0x0:0xc29ed144cf26886a!8m2!3d43.116122!4d-79.025487",good
Pisco y Nazca,"8405 Mills Dr #260, Miami, FL 33183",May 27,6-9 PM,http://piscoynazca.com/,"https://www.google.com/maps/place/Pisco+Y+Nazca+Ceviche+Gastrobar/@25.6889865,-80.3879294,17z/data=!3m1!4b1!4m5!3m4!1s0x88d9c0c2c2d96803:0xe997f3d71961522d!8m2!3d25.6889817!4d-80.3857354",good
The Gator Club,"1490 Main St, Sarasota, FL 34236",May 27,8-11 PM,http://thegatorclub.com/,"https://www.google.com/maps/place/The+Gator+Club/@27.336266,-82.542958,17z/data=!3m1!4b1!4m5!3m4!1s0x88c34012d0c417c7:0xe043ff52ca59067f!8m2!3d27.336266!4d-82.540764",good
Cafe Epicure,"1298 N Palm Ave # A, Sarasota, FL 34236",May 27,6-9 PM,http://www.cafeepicure.com/,"https://www.google.com/maps/place/Cafe+Epicure/@27.335462,-82.546154,17z/data=!3m1!4b1!4m5!3m4!1s0x88c34013b105fe01:0x4671e40138acd41e!8m2!3d27.335462!4d-82.54396",good
Sports Grill,"220 NW 180th Ave, Pembroke Pines, FL 33029",May 27,7-10 PM,http://www.sportsgrillmiami.com/locations/pembroke-pines.html,"https://www.google.com/maps/place/Sports+Grill+Pembroke+Pines/@26.0091622,-80.389502,17z/data=!4m12!1m6!3m5!1s0x88d9a15e6bc76a1f:0x8e6ec9512d393d05!2sSports+Grill+Pembroke+Pines!8m2!3d26.0091574!4d-80.387308!3m4!1s0x88d9a15e6bc76a1f:0x8e6ec9512d393d05!8m2!3d26.0091574!4d-80.387308",good
The Alamo,"166 Gramatan Ave, Mt Vernon, NY 10550",May 27,7-9 PM,https://www.facebook.com/pages/The-Alamo/116028701751339,"https://www.google.com/maps/place/The+Alamo+Bar+%26+Restaurant/@40.9152937,-73.83773,15z/data=!4m5!3m4!1s0x0:0xfe4be454bc39e4f7!8m2!3d40.9152937!4d-73.83773",good
Vega Mexican Cuisine,"189 E Hartsdale Ave, Hartsdale, NY 10530",May 27,7-9 PM,http://www.vegamexican.com/,"https://www.google.com/maps/place/VEGA+Mexican+Cuisine/@41.012408,-73.7958676,15z/data=!4m5!3m4!1s0x0:0xea814ff113fb7ada!8m2!3d41.012408!4d-73.7958676",good
Metro Bar and Bistro,"2561 Hylan Blvd, Staten Island, NY 10306",May 27,8-10 PM,http://www.metrobarandbistro.com/,"https://www.google.com/maps/place/Metro+Bar+and+Bistro/@40.5693291,-74.113687,17z/data=!4m12!1m6!3m5!1s0x89c2494e16f2526f:0xbade324040e196f0!2sMetro+Bar+and+Bistro!8m2!3d40.569325!4d-74.111493!3m4!1s0x89c2494e16f2526f:0xbade324040e196f0!8m2!3d40.569325!4d-74.111493",good
Jerry's,"6301 Military Ave, Omaha, NE 68104",May 27,TBA,http://www.68104ever.com/#!/,"https://www.google.com/maps/place/Jerry's+Bar/@41.287358,-96.012287,17z/data=!3m1!4b1!4m5!3m4!1s0x879392768224ca3b:0x50a2dd7f466c7f97!8m2!3d41.287354!4d-96.010093",good
Havana Cafe,"3151 E Tremont Ave, Bronx, NY 10461",May 28,6-8 PM,http://www.bronxhavanacafe.com/menu.html,"https://www.google.com/maps/place/Havana+Caf%C3%A9/@40.8377793,-73.8344343,15z/data=!4m12!1m6!3m5!1s0x0:0xef772c6c75e0f520!2sHavana+Caf%C3%A9!8m2!3d40.8377793!4d-73.8344343!3m4!1s0x0:0xef772c6c75e0f520!8m2!3d40.8377793!4d-73.8344343",good
Swallow East,"474 W Lake Dr, Montauk, NY 11954",May 28,6-9 PM,https://www.swalloweastrestaurant.com/,"https://www.google.com/maps/place/Swallow+East/@41.0738808,-72.0084629,12z/data=!4m5!3m4!1s0x0:0x916cf7b7157bb487!8m2!3d41.0739!4d-71.9384336",good
McGillicuddy's Lakeside Taphouse,"601 Main St, Loch Arbour, NJ 07711",May 28,3-6 PM,http://www.mcgillicuddystaphouse.com/lh/,"https://www.google.com/maps/place/McGillicuddy's+Lakeside+Taphouse/@40.232839,-74.007919,15z/data=!4m5!3m4!1s0x0:0xdf900f4ec8c27f3e!8m2!3d40.232839!4d-74.007919",good
Matiz Latin Cuisine,"110-72 Queens Blvd, Forest Hills, NY 11375",May 29,7-9 PM,http://matizlatincuisine.com/,"https://www.google.com/maps/place/Matiz+Latin+Cuisine/@40.718877,-73.8414104,17z/data=!3m1!4b1!4m5!3m4!1s0x89c2609e6240b86d:0x3d1cc4077ca65533!8m2!3d40.718873!4d-73.8392217",good
El Patron,"12167 S Apopka Vineland Rd, Orlando, FL 32836",May 29,5-8 PM,https://www.elpatronorlando.com/,"https://www.google.com/maps/place/El+Patron+Restaurante+Mexicano/@28.3885835,-81.5048688,15z/data=!4m12!1m6!3m5!1s0x0:0x569e4dc855f568ae!2sEl+Patron+Restaurante+Mexicano!8m2!3d28.3885835!4d-81.5048688!3m4!1s0x0:0x569e4dc855f568ae!8m2!3d28.3885835!4d-81.5048688",good
Chez Vincent,"533 W New England Ave, Winter Park, FL 32789",May 29,5-8 PM,http://chezvincent.com/,"https://www.google.com/maps/place/Chez+Vincent/@28.5959998,-81.3564308,15z/data=!4m12!1m6!3m5!1s0x0:0x40cd40eed869bd4b!2sChez+Vincent!8m2!3d28.5959998!4d-81.3564308!3m4!1s0x0:0x40cd40eed869bd4b!8m2!3d28.5959998!4d-81.3564308",good
Jagerhaus Gastropub & Biergarten,"15-16 149th St, Flushing, NY 11357",May 29,3-5 PM,http://jagerhausnyc.com/about/,"https://www.google.com/maps/place/J%C3%A4gerhaus+Gastropub+%26+Biergarten/@40.7866591,-73.8186668,17z/data=!4m13!1m7!3m6!1s0x89c28a95c6c17893:0x2a2d4e9997dcebee!2s15-16+149th+St,+Flushing,+NY+11357!3b1!8m2!3d40.7866584!4d-73.8164857!3m4!1s0x89c28a95c6b4d42f:0xed1d17da10686934!8m2!3d40.7866706!4d-73.8164869",good
San Diego Yacht Club,"1011 Anchorage Ln, San Diego, CA 92106",TBA,TBA,https://sdyc.org/,"https://www.google.com/maps/place/San+Diego+Yacht+Club/@32.7188882,-117.2317885,17.02z/data=!4m5!3m4!1s0x80deab9883524577:0xb32271e0380bbf75!8m2!3d32.7188262!4d-117.2295806",good
Greystone Prime Steakhouse & Seafood,"658 Fifth Ave, San Diego, CA 92101",TBA,TBA,http://www.greystonesteakhouse.com/,"https://www.google.com/maps/place/Greystone+Prime+Steakhouse+%26+Seafood/@32.7122876,-117.1625728,17z/data=!3m1!4b1!4m5!3m4!1s0x80d95359b55143bd:0x4dd367210ec8a52a!8m2!3d32.7122831!4d-117.1603788",good
SOHO Gastropub,"4633 Convoy St, San Diego, CA 92111",TBA,TBA,http://www.sohogastropubsd.com/,"https://www.google.com/maps/place/Soho+Gastropub/@32.824786,-117.1566877,17z/data=!3m1!4b1!4m5!3m4!1s0x80dbff94156d9751:0x10f28907a4bdf782!8m2!3d32.8247815!4d-117.1544937",good
The Point Bar & Lounge,"114 N Montezuma St, Prescott, AZ 86301",TBA,TBA,http://www.thepointbarandlounge.com,"https://encrypted.google.com/maps/place/The+Point+Bar+and+Lounge/@34.5425387,-112.4725645,17z/data=!3m1!4b1!4m5!3m4!1s0x872d28da3cb238d5:0xbe087529db0cd698!8m2!3d34.5425387!4d-112.4703758",good
Cardiff Beach Bar @ Tower 13,"2633 S Coast Hwy 101, Cardiff, CA 92007",TBA,TBA,http://www.tower13.com/,"https://www.google.com/maps/place/Cardiff+Beach+Bar+@+Tower+13/@33.0115748,-117.2790863,21z/data=!4m5!3m4!1s0x0:0x42b57cae348f5833!8m2!3d33.0116074!4d-117.2790471",good
HIVE,"4428 Convoy St Suite #100, San Diego, CA 92111",TBA,TBA,https://www.facebook.com/HIVECK/,"https://www.google.com/maps/place/HIVE/@32.8205392,-117.1582048,17z/data=!3m1!4b1!4m5!3m4!1s0x80dbff9355092505:0xf08a4f5a297be0db!8m2!3d32.8205392!4d-117.1560108",good
Chilly Willy's,"3039 Claremont Ave, Evansville, IN 47712",TBA,TBA,https://www.facebook.com/Chilly-Willys-Pub-107633066351/,"https://www.google.com/maps/place/Chilly+Willy's/@37.9714102,-87.6131386,15z/data=!4m5!3m4!1s0x0:0xe4f5d94be7880820!8m2!3d37.9714102!4d-87.6131386",good
French Lick Resort,"8670 West State Road 56, French Lick, IN 47432",TBA,TBA,https://www.frenchlick.com/,"https://www.google.com/maps/place/French+Lick+Springs+Hotel/@38.551993,-86.619922,15z/data=!4m5!3m4!1s0x0:0xf92d2dee5046d1ab!8m2!3d38.551993!4d-86.619922",good
Kilroy's Restaurant,"201 S Meridian St, Indianapolis, IN 46225",TBA,TBA,http://www.kilroysindy.com/,"https://www.google.com/maps/place/Kilroy's/@39.7640632,-86.158052,15z/data=!4m12!1m6!3m5!1s0x0:0x30faa32e2ca101d4!2sKilroy's!8m2!3d39.7640632!4d-86.158052!3m4!1s0x0:0x30faa32e2ca101d4!8m2!3d39.7640632!4d-86.158052",good
O'Rourke's Public House,"1044 E Angela Blvd #103, South Bend, IN 46617",TBA,TBA,http://www.orourkespubhouse.com/,"https://www.google.com/maps/place/O'Rourke's+Public+House/@41.6939561,-86.232461,16z/data=!3m1!5s0x8816cd677cb37c77:0xad0170a71682e990!4m12!1m6!3m5!1s0x0:0xe047fa8dee3f6f7b!2sO'Rourke's+Public+House!8m2!3d41.6926113!4d-86.2357464!3m4!1s0x0:0xe047fa8dee3f6f7b!8m2!3d41.6926113!4d-86.2357464",good
Rick's Boatyard,"4050 Dandy Trail, Indianapolis, IN 46254",TBA,TBA,http://ricksboatyard.com/,"https://www.google.com/maps/place/Rick's+Cafe+Boatyard/@39.8266063,-86.301006,14.01z/data=!4m12!1m6!3m5!1s0x0:0x7a2e413ba6885f3e!2sRick's+Cafe+Boatyard!8m2!3d39.8275215!4d-86.3008205!3m4!1s0x0:0x7a2e413ba6885f3e!8m2!3d39.8275215!4d-86.3008205",good
The Chug,"409 N Martin St, Muncie, IN 47303",TBA,TBA,http://www.thechugmuncie.com/home.html,"https://www.google.com/maps/place/The+Chug/@40.1970206,-85.4060148,15z/data=!4m12!1m6!3m5!1s0x0:0x71337715f70c4de!2sThe+Chug!8m2!3d40.1970206!4d-85.4060148!3m4!1s0x0:0x71337715f70c4de!8m2!3d40.1970206!4d-85.4060148",good
The Track Lounge,"318 N Jackson St, Crown Point, IN 46307",TBA,TBA,http://thetracklounge.com/,"https://www.google.com/maps/place/The+Track+Lounge/@41.4219152,-87.3593774,15z/data=!4m12!1m6!3m5!1s0x0:0xc94396b1b5441fd0!2sThe+Track+Lounge!8m2!3d41.4219152!4d-87.3593774!3m4!1s0x0:0xc94396b1b5441fd0!8m2!3d41.4219152!4d-87.3593774",good
Tolon,"614 Harrison St, Fort Wayne, IN 46802",TBA,TBA,http://tolonrestaurant.com/,"https://www.google.com/maps/place/Tolon/@41.0808442,-85.1418632,15z/data=!4m12!1m6!3m5!1s0x0:0x26f09221b7c1d953!2sTolon!8m2!3d41.0808442!4d-85.1418632!3m4!1s0x0:0x26f09221b7c1d953!8m2!3d41.0808442!4d-85.1418632",good
Charlie's on the Lake,"4150 S 144th St, Omaha, NE 68137",TBA,TBA,http://www.charliesonthelake.net/,"https://www.google.com/maps/place/Charlie's+On+the+Lake/@41.2184315,-96.1394581,15z/data=!4m12!1m6!3m5!1s0x0:0x6469dff8fa0151ed!2sCharlie's+On+the+Lake!8m2!3d41.2184315!4d-96.1394581!3m4!1s0x0:0x6469dff8fa0151ed!8m2!3d41.2184315!4d-96.1394581",good
Brick House Tavern & Tap,"2 McBride & Son Center Dr, Chesterfield, MO 63005",TBA,TBA,http://www.brickhousetavernandtap.com/,"https://www.google.com/maps/place/Brick+House+Tavern+%2B+Tap/@38.6689361,-90.6013791,15z/data=!4m5!3m4!1s0x0:0x6f58163a89fb6d76!8m2!3d38.6689361!4d-90.6013791",good
Shamrocks Pub n Grill,"4177 Veterans Memorial Pkwy, St Peters, MO 63376",TBA,TBA,http://www.shamrocks-pubandgrill.com/,"https://www.google.com/maps/place/Shamrocks+Pub+n+Grill/@38.795403,-90.5764113,17z/data=!3m1!4b1!4m5!3m4!1s0x87df284321a1109d:0xefb334b507e84eed!8m2!3d38.7953988!4d-90.5742173",good
Sub Zero,"308 N Euclid Ave, St. Louis, MO 63108",TBA,TBA,http://subzerovodkabar.com/,"https://www.google.com/maps/place/Sub+Zero+Vodka+Bar/@38.6450662,-90.263387,17z/data=!3m1!4b1!4m5!3m4!1s0x87d8b4d62df14b7f:0x3c70f6856f3d063f!8m2!3d38.645062!4d-90.261193",good
Tigin Irish Pub and Restaurant,"333 Washington Ave, St. Louis, MO 63102",TBA,TBA,http://tiginirishpub.com/stl/,"https://www.google.com/maps/place/Tigin+Irish+Pub+St+Louis/@38.629903,-90.1888094,17z/data=!3m1!4b1!4m5!3m4!1s0x87d8b2e02581637b:0xe46434e884be2395!8m2!3d38.6298988!4d-90.1866154",good
